# Three-bladed model wind-turbine blade, NREL S826 airfoil from root to tip.
# Source: blade table of Krogstad & Eriksen (2013), as transcribed in P. Bachant's
# turbinesFoam validation case (CC-BY 4.0); see README, "Credits".
# r_m     : radius from rotor axis [m]
# chord_m : chord [m]
# twist_deg: geometric pitch of the chord line relative to the rotor plane [deg],
#            positive = leading edge turned toward the wind (turbinesFoam stores -twist)
# profile : cylinder (root stem) or S826
# Pitch (twist) axis at 25 % chord.
r_m,chord_m,twist_deg,profile
0.0075,0.0135,0.0,cylinder
0.0490,0.0135,0.0,cylinder
0.054999,0.0495,38.0,S826
0.0675,0.081432,37.055,S826
0.0824985,0.08011,32.544,S826
0.0975015,0.077013,28.677,S826
0.1125,0.073125,25.262,S826
0.1274985,0.0690075,22.43,S826
0.1425015,0.064953,19.988,S826
0.1575,0.061101,18.034,S826
0.1724985,0.057519,16.349,S826
0.1875015,0.054225,14.663,S826
0.2025,0.0512055,13.067,S826
0.2174985,0.048447,11.829,S826
0.2325015,0.0459315,10.753,S826
0.2475,0.043632,9.8177,S826
0.2624985,0.0415287,8.8827,S826
0.2775015,0.0396009,7.9877,S826
0.2925,0.0378306,7.2527,S826
0.3074985,0.0362007,6.565,S826
0.3225015,0.0346968,5.9187,S826
0.3375,0.0333063,5.3045,S826
0.3524985,0.0320171,4.7185,S826
0.3675015,0.03081915,4.1316,S826
0.3825,0.02970405,3.5439,S826
0.3974985,0.02866365,2.9433,S826
0.4125015,0.0276912,2.2185,S826
0.4275,0.0267804,1.097,S826
0.4424985,0.02592585,-0.71674,S826
